{
  "generator-jhipster": {
    "applicationType": "microservice",
    "gitCompany": "",
    "baseName": "report",
    "packageName": "com.ascendcorp.o2o.report",
    "packageFolder": "com/ascendcorp/o2o/report",
    "serverPort": 8103,
    "serviceDiscoveryType": "eureka",
    "authenticationType": "uaa",
    "uaaBaseName": "../uaa",
    "cacheProvider": "ehcache",
    "enableHibernateCache": true,
    "websocket": false,
    "databaseType": "sql",
    "devDatabaseType": "h2Disk",
    "prodDatabaseType": "mysql",
    "searchEngine": false,
    "enableSwaggerCodegen": false,
    "messageBroker": false,
    "buildTool": "maven",
    "useSass": false,
    "clientPackageManager": "npm",
    "testFrameworks": [],
    "enableTranslation": true,
    "nativeLanguage": "en",
    "languages": [
      "th",
      "en"
    ],
    "clientFramework": "angularX",
    "jhiPrefix": "jhi",
    "jhipsterVersion": "5.7.2",
    "otherModules": [],
    "skipClient": true,
    "skipUserManagement": true
  }
}